/*
MySQL Backup
Database: tourandtravel
Backup Time: 2021-03-21 14:07:36
*/

SET FOREIGN_KEY_CHECKS=0;
DROP TABLE IF EXISTS `tourandtravel`.`advertisement`;
DROP TABLE IF EXISTS `tourandtravel`.`category`;
DROP TABLE IF EXISTS `tourandtravel`.`contactus`;
DROP TABLE IF EXISTS `tourandtravel`.`enquiry`;
DROP TABLE IF EXISTS `tourandtravel`.`package`;
DROP TABLE IF EXISTS `tourandtravel`.`subcategory`;
DROP TABLE IF EXISTS `tourandtravel`.`users`;
CREATE TABLE `advertisement` (
  `Advid` int(50) NOT NULL AUTO_INCREMENT,
  `Title` varchar(100) NOT NULL,
  `Companyname` varchar(100) NOT NULL,
  `Pic` varchar(1000) NOT NULL,
  `Detail` varchar(1000) NOT NULL,
  PRIMARY KEY (`Advid`)
) ENGINE=InnoDB AUTO_INCREMENT=17 DEFAULT CHARSET=latin1;
CREATE TABLE `category` (
  `Cat_id` int(100) NOT NULL AUTO_INCREMENT,
  `Cat_name` varchar(2000) NOT NULL,
  PRIMARY KEY (`Cat_id`)
) ENGINE=InnoDB AUTO_INCREMENT=8 DEFAULT CHARSET=latin1;
CREATE TABLE `contactus` (
  `contactid` int(50) NOT NULL AUTO_INCREMENT,
  `Name` varchar(50) NOT NULL,
  `Phno` varchar(50) NOT NULL,
  `Email` varchar(50) NOT NULL,
  `Message` varchar(5000) NOT NULL,
  PRIMARY KEY (`contactid`)
) ENGINE=InnoDB AUTO_INCREMENT=6 DEFAULT CHARSET=latin1;
CREATE TABLE `enquiry` (
  `Enquiryid` int(50) NOT NULL AUTO_INCREMENT,
  `Packageid` int(50) NOT NULL,
  `Name` varchar(200) NOT NULL,
  `Gender` varchar(20) NOT NULL,
  `Mobileno` varchar(20) NOT NULL,
  `Email` varchar(50) NOT NULL,
  `NoofDays` int(50) NOT NULL,
  `Child` int(50) NOT NULL,
  `Adults` int(50) NOT NULL,
  `Message` varchar(900) NOT NULL,
  `Statusfield` varchar(200) NOT NULL,
  PRIMARY KEY (`Enquiryid`)
) ENGINE=InnoDB AUTO_INCREMENT=13 DEFAULT CHARSET=latin1;
CREATE TABLE `package` (
  `Packid` int(200) NOT NULL AUTO_INCREMENT,
  `Packname` varchar(1000) NOT NULL,
  `Category` int(200) NOT NULL,
  `Subcategory` int(200) NOT NULL,
  `Packprice` int(200) NOT NULL,
  `Pic1` varchar(8000) NOT NULL,
  `Pic2` varchar(8000) NOT NULL,
  `Pic3` varchar(8000) NOT NULL,
  `Detail` varchar(8000) NOT NULL,
  PRIMARY KEY (`Packid`)
) ENGINE=InnoDB AUTO_INCREMENT=28 DEFAULT CHARSET=latin1;
CREATE TABLE `subcategory` (
  `Subcatid` int(200) NOT NULL AUTO_INCREMENT,
  `Subcatname` varchar(1000) NOT NULL,
  `Catid` int(200) NOT NULL,
  `Pic` varchar(8000) NOT NULL,
  `Detail` varchar(8000) NOT NULL,
  PRIMARY KEY (`Subcatid`)
) ENGINE=InnoDB AUTO_INCREMENT=27 DEFAULT CHARSET=latin1;
CREATE TABLE `users` (
  `Username` varchar(100) NOT NULL,
  `Pwd` varchar(100) NOT NULL,
  `Typeofuser` varchar(100) NOT NULL
) ENGINE=InnoDB DEFAULT CHARSET=latin1;
BEGIN;
LOCK TABLES `tourandtravel`.`advertisement` WRITE;
DELETE FROM `tourandtravel`.`advertisement`;
INSERT INTO `tourandtravel`.`advertisement` (`Advid`,`Title`,`Companyname`,`Pic`,`Detail`) VALUES (1, 'Tour y viajes', 'Eflio .com', '115.jpg', 'Encuentre información sobre viajes y comercio proporcionada por Kaler Enterprises. Los usuarios pueden obtener información detallada sobre los agentes de viajes, operadores turísticos receptivos, operadores de transporte turístico, operadores turísticos de aventura, operadores turísticos nacionales, etc. en la India. Se proporcionan pautas para las respectivas agencias y operadores. Se puede acceder a la lista de operadores comerciales de viajes aprobados.'),(2, 'Tour y viajes', ' Life Trip Travel Agency ', '117.jpg', ''),(3, 'Tour y viajes', 'New View Travel Agency', '119.jpg', 'Encuentre información sobre viajes y comercio proporcionada por My Tour. Los usuarios pueden obtener información detallada sobre los agentes de viajes, operadores turísticos receptivos, operadores de transporte turístico, operadores turísticos de aventura, operadores turísticos nacionales, etc. en la India. Se proporcionan pautas para las respectivas agencias y operadores. Se puede acceder a la lista de operadores comerciales de viajes aprobados.'),(5, 'Tour y viajes', 'Sysny', '118.jpg', ''),(8, 'Tour y viajes', 'Merrific', '124.jpg', 'Encuentre información sobre viajes y comercio proporcionada por My Tour. Los usuarios pueden obtener información detallada sobre los agentes de viajes, operadores turísticos receptivos, operadores de transporte turístico, operadores turísticos de aventura, operadores turísticos nacionales, etc. en la India. Se proporcionan pautas para las respectivas agencias y operadores. Se puede acceder a la lista de operadores comerciales de viajes aprobados.'),(9, 'Tour y viajes', 'Easymost', '125.jpg', 'Encuentre información sobre viajes y comercio proporcionada por My Tour. Los usuarios pueden obtener información detallada sobre los agentes de viajes, operadores turísticos receptivos, operadores de transporte turístico, operadores turísticos de aventura, operadores turísticos nacionales, etc. en la India. Se proporcionan pautas para las respectivas agencias y operadores. Se puede acceder a la lista de operadores comerciales de viajes aprobados.'),(10, 'Tour y viajes', 'Guideaid', '118.jpg', ''),(11, 'Tour y viajes', 'Vyand', '126.jpg', 'Encuentre información sobre viajes y comercio proporcionada por My Tour. Los usuarios pueden obtener información detallada sobre los agentes de viajes, operadores turísticos receptivos, operadores de transporte turístico, operadores turísticos de aventura, operadores turísticos nacionales, etc. en la India. Se proporcionan pautas para las respectivas agencias y operadores. Se puede acceder a la lista de operadores comerciales de viajes aprobados.'),(12, 'Tour y viajes', 'Celouro', '127.jpg', ''),(14, 'Turismo', 'Destinations Travel', '113.jpg', 'Encuentre información sobre viajes y comercio proporcionada por My Tour. Los usuarios pueden obtener información detallada sobre los agentes de viajes, operadores turísticos receptivos, operadores de transporte turístico, operadores turísticos de aventura, operadores turísticos nacionales, etc. en la India. Se proporcionan pautas para las respectivas agencias y operadores. Se puede acceder a la lista de operadores comerciales de viajes aprobados.'),(15, 'Turismo', 'Adventure Makers', '111.jpg', 'Encuentre información sobre viajes y comercio proporcionada por My Tour. Los usuarios pueden obtener información detallada sobre los agentes de viajes, operadores turísticos receptivos, operadores de transporte turístico, operadores turísticos de aventura, operadores turísticos nacionales, etc. en la India. Se proporcionan pautas para las respectivas agencias y operadores. Se puede acceder a la lista de operadores comerciales de viajes aprobados.'),(16, 'Turismo', 'Goin My Way', '104.jpg', 'Encuentre información sobre viajes y comercio proporcionada por My Tour. Los usuarios pueden obtener información detallada sobre los agentes de viajes, operadores turísticos receptivos, operadores de transporte turístico, operadores turísticos de aventura, operadores turísticos nacionales, etc. en la India. Se proporcionan pautas para las respectivas agencias y operadores. Se puede acceder a la lista de operadores comerciales de viajes aprobados.');
UNLOCK TABLES;
COMMIT;
BEGIN;
LOCK TABLES `tourandtravel`.`category` WRITE;
DELETE FROM `tourandtravel`.`category`;
INSERT INTO `tourandtravel`.`category` (`Cat_id`,`Cat_name`) VALUES (1, 'Tours en familia'),(2, 'Tours religiosos'),(3, 'Tours de aventura'),(4, 'Tours para eventos especiales'),(5, 'Parques Nacionales'),(6, 'Vacaciones temáticas'),(7, 'Tours para grupos pequeños');
UNLOCK TABLES;
COMMIT;
BEGIN;
LOCK TABLES `tourandtravel`.`contactus` WRITE;
DELETE FROM `tourandtravel`.`contactus`;
INSERT INTO `tourandtravel`.`contactus` (`contactid`,`Name`,`Phno`,`Email`,`Message`) VALUES (1, 'Mehar', '9501065206', 'mehar@gmail.com', 'Hemos leído sobre el interés de su anuncio en los tiempos de la India sobre el viaje de vacaciones. Podremos apreciar, si usted la amabilidad de enviar la información detallada sobre el costo del viaje, el equipaje de Wight, clase turista y primera clase, etc. Se requiere que la información anterior para nuestro director general que desea disfrutar del viaje de vacaciones con su familia.'),(2, 'César Martínez', '76347337', 'cesar2098.mtnz@gmail.com', 'Hemos leído sobre el interés de su anuncio en los tiempos de la India sobre el viaje de vacaciones. Podremos apreciar, si usted la amabilidad de enviar la información detallada sobre el costo del viaje, el equipaje de Wight, clase turista y primera clase, etc. Se requiere que la información anterior para nuestro director general que desea disfrutar del viaje de vacaciones con su familia.'),(3, 'Veena', '9815724956', 'veena12@gmail.com', 'Hemos leído sobre el interés de su anuncio en los tiempos de la India sobre el viaje de vacaciones. Podremos apreciar, si usted la amabilidad de enviar la información detallada sobre el costo del viaje, el equipaje de Wight, clase turista y primera clase, etc. Se requiere que la información anterior para nuestro director general que desea disfrutar del viaje de vacaciones con su familia.'),(4, 'Sahil', '9814532456', 'Sahil@yahoo.com', 'Hemos leído sobre el interés de su anuncio en los tiempos de la India sobre el viaje de vacaciones. Podremos apreciar, si usted la amabilidad de enviar la información detallada sobre el costo del viaje, el equipaje de Wight, clase turista y primera clase, etc. Se requiere que la información anterior para nuestro director general que desea disfrutar del viaje de vacaciones con su familia.'),(5, 'Varinder', '9812345234', 'vinnysharma@gmail.com', 'Hemos leído sobre el interés de su anuncio en los tiempos de la India sobre el viaje de vacaciones. Podremos apreciar, si usted la amabilidad de enviar la información detallada sobre el costo del viaje, el equipaje de Wight, clase turista y primera clase, etc. Se requiere que la información anterior para nuestro director general que desea disfrutar del viaje de vacaciones con su familia.');
UNLOCK TABLES;
COMMIT;
BEGIN;
LOCK TABLES `tourandtravel`.`enquiry` WRITE;
DELETE FROM `tourandtravel`.`enquiry`;
INSERT INTO `tourandtravel`.`enquiry` (`Enquiryid`,`Packageid`,`Name`,`Gender`,`Mobileno`,`Email`,`NoofDays`,`Child`,`Adults`,`Message`,`Statusfield`) VALUES (3, 1, 'Manpreet', 'Mujer', '9779730479', 'manpreetkaler13@yahoo.com', 2, 1, 4, 'Hemos leído sobre el interés de su anuncio en la época de la India sobre el viaje de vacaciones. Le agradeceremos que nos envíe la información detallada sobre el costo del viaje, el peso del equipaje, clase económica y primera clase, etc. La información anterior es necesaria para nuestro director gerente a quien le gustará disfrutar del viaje de vacaciones junto con su familia.', 'Pendiente'),(5, 2, 'Nandni', 'Mujer', '7696303090', 'nandni@gmail.com', 2, 2, 3, 'Hemos leído sobre el interés de su anuncio en la época de la India sobre el viaje de vacaciones. Le agradeceremos que nos envíe la información detallada sobre el costo del viaje, el peso del equipaje, clase económica y primera clase, etc. La información anterior es necesaria para nuestro director gerente a quien le gustará disfrutar del viaje de vacaciones junto con su familia.', 'Pendiente'),(6, 5, 'Rakesh', 'Hombre', '9876123456', 'rakesh@yahoo.com', 4, 2, 2, 'Hemos leído sobre el interés de su anuncio en la época de la India sobre el viaje de vacaciones. Le agradeceremos que nos envíe la información detallada sobre el costo del viaje, el peso del equipaje, clase económica y primera clase, etc. La información anterior es necesaria para nuestro director gerente a quien le gustará disfrutar del viaje de vacaciones junto con su familia.', 'Pendiente'),(7, 4, 'Navneet', 'Mujer', '9463958058', 'neerubawa@yahoo.com', 8, 2, 6, 'Hemos leído sobre el interés de su anuncio en la época de la India sobre el viaje de vacaciones. Le agradeceremos que nos envíe la información detallada sobre el costo del viaje, el peso del equipaje, clase económica y primera clase, etc. La información anterior es necesaria para nuestro director gerente a quien le gustará disfrutar del viaje de vacaciones junto con su familia.', 'Pendiente'),(8, 3, 'Rohan', 'Hombre', '9501065206', 'rohan@gmail.com', 3, 1, 5, 'Hemos leído sobre el interés de su anuncio en la época de la India sobre el viaje de vacaciones. Le agradeceremos que nos envíe la información detallada sobre el costo del viaje, el peso del equipaje, clase económica y primera clase, etc. La información anterior es necesaria para nuestro director gerente a quien le gustará disfrutar del viaje de vacaciones junto con su familia.', 'Pendiente'),(9, 6, 'Jassi', 'Mujer', '9876123456', 'jass@gmail.com', 2, 1, 5, 'Hemos leído sobre el interés de su anuncio en la época de la India sobre el viaje de vacaciones. Le agradeceremos que nos envíe la información detallada sobre el costo del viaje, el peso del equipaje, clase económica y primera clase, etc. La información anterior es necesaria para nuestro director gerente a quien le gustará disfrutar del viaje de vacaciones junto con su familia.', 'Pendiente'),(10, 11, 'Shavir', 'Hombre', '9915510777', 'shavirpaul@gmail.com', 6, 1, 2, 'Hemos leído sobre el interés de su anuncio en la época de la India sobre el viaje de vacaciones. Le agradeceremos que nos envíe la información detallada sobre el costo del viaje, el peso del equipaje, clase económica y primera clase, etc. La información anterior es necesaria para nuestro director gerente a quien le gustará disfrutar del viaje de vacaciones junto con su familia.', 'Pendiente'),(11, 13, 'Nikhil', 'Hombre', '9871234561', 'nikhil@gmail.com', 2, 2, 2, 'Hemos leído sobre el interés de su anuncio en la época de la India sobre el viaje de vacaciones. Le agradeceremos que nos envíe la información detallada sobre el costo del viaje, el peso del equipaje, clase económica y primera clase, etc. La información anterior es necesaria para nuestro director gerente a quien le gustará disfrutar del viaje de vacaciones junto con su familia.', 'Pendiente'),(12, 15, 'Rehan', 'Hombre', '9876123456', 'rehan@yahoo.com', 3, 3, 2, 'Hemos leído sobre el interés de su anuncio en la época de la India sobre el viaje de vacaciones. Le agradeceremos que nos envíe la información detallada sobre el costo del viaje, el peso del equipaje, clase económica y primera clase, etc. La información anterior es necesaria para nuestro director gerente a quien le gustará disfrutar del viaje de vacaciones junto con su familia.', 'Pendiente');
UNLOCK TABLES;
COMMIT;
BEGIN;
LOCK TABLES `tourandtravel`.`package` WRITE;
DELETE FROM `tourandtravel`.`package`;
INSERT INTO `tourandtravel`.`package` (`Packid`,`Packname`,`Category`,`Subcategory`,`Packprice`,`Pic1`,`Pic2`,`Pic3`,`Detail`) VALUES (1, 'Aventura de Navidad en Lapaland', 1, 1, 20000, '24.jpg', '26.jpg', '25.jpg', '¿Qué mejor manera de celebrar la Navidad que gastarlo donde vive Santa Claus? Venga a disfrutar de una Navidad tradicional de Laponia en Finlandia: conocer a Santa en persona en el famoso pueblo de Santa Claus, disfrutar de la emoción de un perro de trineo paseo y aprender sobre la cultura única Sami en una granja de renos. Esta fiesta mágica sin duda va a crear recuerdos duraderos para toda la familia.'),(2, 'Agra familiar Organización', 1, 2, 10000, '30.jpg', '31.jpg', '4.jpg', 'Unas vacaciones llenas de diversión con su familia es el mejor momento para fortalecer los lazos y rejuvenecer el amor entre seres queridos. Y, lo que podría ser un mejor lugar para tener un tiempo bueno con los miembros de su familia que Agra? El clima agradable, bellos paisajes y la comida deliciosa es seguro que le ponga en su mejor estado de ánimo para deleitarse el mejor tiempo con su familia. Para unas vacaciones libres de estrés, se puede explorar sus opciones de paquetes de vacaciones en familia en Agra con nosotros en Yatra.com. A partir de las reservas de hotel a los billetes de viaje, ofrecemos diferentes servicios para que disfrute de sus paquetes turísticos familiares Agra. Visitar las numerosas atracciones de este hermoso lugar en compañía de sus seres queridos con nuestra familia de vacaciones Agra y Paquetes de viaje lejos de las tareas rutinarias de la vida.'),(3, 'Vacaciones en Italia', 1, 5, 20000, '38.jpg', '39.jpg', '37.jpg', 'Disfrutar de las playas de oro, espumoso mar, el paisaje, las ciudades emocionantes y una gran cocina en vacaciones familiares en Italia. Ya sea que usted está buscando unas vacaciones basadas actividad o una llena de actividades culturales, que nuestra experiencia y conocimiento de información privilegiada ayudarle a adaptar el ideal Italia vacaciones en familia.'),(4, 'La atracción principal en Tailandia', 1, 4, 400000, '42.jpg', '41.jpg', '40.jpg', 'culturas fascinantes, una nación que adora a los niños, hermosas playas en las mayores estaciones de fama mundial y una ruta turística bien pisado, se combinan para hacer de sus vacaciones de la familia Tailandia popular entre aquellos que buscan una combinación de relajación y aventura. Los niños pueden disfrutar de una experiencia muy valiosa descubrir nuevas culturas, costumbres y religiones al visitar templos junto con una gran cantidad de diversión al explorar ciudades, pueblos y aldeas y por supuesto en el recurso.'),(5, 'Sus vacaciones en Vancouver', 1, 3, 400000, '34.jpg', '36.jpg', '33.jpg', 'Los lagos y montañas de Jasper, Banff y Yoho parques nacionales, el marco perfecto para practicar senderismo y ciclismo, mientras que caminar a lo largo del enorme glaciar Athabasca se siente como si estuviera en la cima del mundo. montar a caballo, rafting, canoa y la observación de ballenas están disponibles para los viajeros aventureros en nuestras vacaciones a Canadá.'),(6, 'Haridwar', 2, 6, 3000, '43.jpg', '44.jpg', '45.jpg', 'Haridwar significa la \'puerta de entrada a la morada de los dioses\'. Cuenta la leyenda, que el príncipe Bhagirath, a través de su penitencia, hizo que el río Ganges para descender a las llanuras del Himalaya de manera que sus antepasados ??que habían perecido debido a una maldición de un sabio podría volver a cobrar.'),(7, 'Tivoli', 2, 7, 500000, '48.jpg', '47.jpg', '46.jpg', 'Villa d\'Este, en la ciudad de Tivoli al este de Roma, es un hermoso jardín y complejo del palacio que se enumeran en la Lista de Patrimonio Mundial de la UNESCO. La villa fue construida en 1560 y fue la visión del cardenal Ippolito II d\'Este (quien falló por poco para convertirse en un papa). La villa es famoso por su magnífico jardín de grutas, fuentes, ninfas y escultura de agua. El cardenal d\'Este murió en 1572. Para entonces, el trabajo en el jardín y la pintura interior de la villa era casi completa'),(8, 'Austria viaje', 2, 8, 300000, '50.jpg', '49.jpg', '51.jpg', 'Austria es una tierra de escarpado Alpes y elaborados edificios barrocos. Los visitantes acuden a la eternamente elegante ciudad de Viena para sus musums y palacios e iglesias, cafés, y una noche en una de las casas de la parte superior de ópera de Europa. Con unos pocos días adicionales, usted podría conseguir su sonido de la música de Salzburgo, la ciudad barroca rodeada de castillos y acantilados donde nació Mozart (y la clásica película musical se llevó a cabo), y visitan pequeño y encantador Innsbruck, en los Alpes del Tirol .'),(9, 'Canadienses lugares religiosos', 2, 9, 700000, '53.jpg', '52.jpg', '54.jpg', 'Canadá es más como un país multicultural. Cristianismo con los católicos romanos y protestantes son predominantes en Canadá como la religión principal. Turismo religioso en Canadá te llevan a lugares de interés turístico de importancia, que incluyen ™ € s Annea St. Iglesia Anglicana, Iglesia Frikirju y San Norberto. Aparte de cristianismo, otras religiones como el hinduismo, el budismo, el islam y el sijismo también han ganado terreno en el país.'),(10, 'Lugares cristianos en Inglaterra', 2, 10, 1200000, '56.jpg', '57.jpg', '55.jpg', 'La Iglesia Católica en Inglaterra y Gales es parte de la Iglesia Católica en todo el mundo romano en plena comunión con el Papa. Cristianismo celta, con algunas tradiciones diferentes de las de Roma, estuvo presente en Gran Bretaña romana del siglo I dC, pero después de la partida de las legiones romanas estaba en retirada al paganismo. En el año 597 dC, la primera misión papal de autoridad, establecer un vínculo directo entre el Reino de Kent a la Sede de Roma y de la forma benedictina del monacato, se llevó a efecto por Agustín de Canterbury.'),(11, 'Cristianismo Lugares', 2, 11, 500000, '59.jpg', '60.jpg', '58.jpg', 'Christ Church Cathedral en Nelson es una hermosa iglesia anglicana situada en la parte superior de la calle Trafalgar. La primera iglesia fue construida en el año 1851 en un lugar diferente y fue nombrado como la catedral de la Iglesia en 1886. Una nueva iglesia fue creada en el sitio actual en 1887, pero no fue antes de 1965, cuando la construcción de esta iglesia quedó terminada.'),(12, 'Lo mejor de la India', 7, 12, 10000, '63.jpg', '62.jpg', '61.jpg', 'El subcontinente indio es el hogar de una serie de monumentos antiguos, lugares pintorescos, playas, sitios del patrimonio mundial y atracciones culturales. Los estados de Rajasthan, Gujarat, Goa, Himachal Pradesh, Jammu y Cachemira y Uttarakhand se encuentran entre los primeros lugares viajó como parte de turistas nacionales e internacionales, peregrinos, amantes de la naturaleza y los historiadores.'),(13, 'Mejor de Inglaterra', 7, 13, 900000, '65.jpg', '66.jpg', '64.jpg', 'El corazón de Inglaterra es una región icónico, que abarca Oxford, los Cotswolds, Stratford-upon-Avon y baño, un sitio del patrimonio mundial de la UNESCO. En este viaje de cinco días, vamos a visitar Oxford y Lacock, explorar pintorescos pueblos de Cotswold famosa por sus encantadoras de color miel cabañas de piedra con techos de paja y explorar casas señoriales tradicionales.'),(14, 'Lo mejor de Canadá', 7, 14, 700000, '67.jpg', '69.jpg', '68.jpg', 'Es tan grande que es difícil de conseguir su cabeza en torno a veces es así, al participar en un día de fiesta Canadá pequeño grupo y afines turistas, se quita la presión de la parte delantera organización. Son perfectos si quieres un atajo para eventos culturales y naturales de Canadá, como senderismo en las Montañas Rocosas, ir en una expedición de oso polar, o trineos tirados por perros en el Yukón.'),(15, 'Los mejores lugares en Mumbai', 3, 16, 12000, '72.jpg', '73.jpg', '70.jpg', 'Mumbai, la capital industrial de la India es uno de los lugares más populares para visitar en la India. Para obtener detalles sobre los lugares alrededor de Mumbai, junto con información fiable sobre los lugares a visitar en Mumbai o lugares para visitar cerca de Mumbai, los turistas deben venir a Mustseeindia.com. Un sitio web de viajes en línea principal, Mustseeindia.com es el mejor lugar para reservar las vacaciones para mejores lugares alrededor de Mumbai para picnic.'),(16, 'Lo mejor de Tailandia', 3, 17, 400000, '76.jpg', '75.jpg', '77.jpg', 'Bangkok fue una introducción increíble a Tailandia, especialmente teniendo en cuenta lo mucho que vimos en nuestro un día completo allí. Recuerdo haberle dicho a nuestra guía Ngu que si toda mi viaje terminó al día siguiente, aun así, creo visitar Tailandia había valido la pena. Ngu nos proporcionó una explicación muy completa de los antecedentes históricos y religiosos de Wat Arun, el Palacio Real y el barcazas reales. Aunque nuestro día estaba lleno de actividad, nunca nos sentimos abrumados o presionados. De hecho, todavía teníamos energía para asistir a un espectáculo de danza tailandesa esa noche, que Ngu amablemente organizó para nosotros y nos acompañó a, en su propio tiempo.'),(17, 'Mejores Eventos en Singapur', 4, 20, 80000, '83.jpg', '81.jpg', '82.jpg', 'Hay tantos eventos especiales en Singapur como celebración del Año Nuevo, celebración de Diwali, la celebración de Navidad, festivales de comida, Modelado de la competencia, la competencia de canto, etc ... Singapur es también un mejor lugar turístico del mundo ...'),(18, 'Mejores Eventos en Alemania', 4, 19, 600000, '86.jpg', '84.jpg', '85.jpg', 'Hay tantos eventos especiales en Alemania como celebración del Año Nuevo, celebración de Diwali, la celebración de Navidad, festivales de comida, Modelado de la competencia, la competencia de canto, etc ... Alemania es también un mejor lugar turístico del mundo ...'),(19, 'Mejores Eventos en Francia', 4, 18, 600000, '88.jpg', '87.jpg', '89.jpg', 'Hay tantos eventos especiales en Francia como celebración del Año Nuevo, celebración de Diwali, la celebración de Navidad, festivales de comida, Modelado de la competencia, la competencia de canto, etc ... Francia es también un mejor lugar turístico del mundo ...'),(20, 'Star Wars ideas de la boda', 6, 23, 20000, '93.jpg', '95.jpg', '94.jpg', 'Seamos honestos: una boda guerra de las galaxias puede ser complicado. Usted quiere que sea over-the-top divertido, pero también se corre el riesgo de hacer que se sienta como una fiesta infantil. ¡Estamos aquí para ayudar! Más adelante, echa un vistazo a todo lo que necesita, desde estrellado invita a un sable de luz de despedida, para mantener su gran clase y memorable día a la vez. Que la fuerza de la boda de planificación de estar contigo.'),(21, 'Temas de fiesta de la Navidad', 6, 22, 100000, '97.jpg', '98.jpg', '99.jpg', 'Cientos de ideas de la fiesta de navidad, temas del partido de navidad, invitaciones, decoraciones, Fiesta y los favores del partido pueden ayudar a planificar y ofrecer una gran fiesta de Navidad. Tenemos una variedad de temas del partido de Navidad para cada celebración tipo. Pasar unos momentos navegando a través de una variedad de temas de la fiesta de Navidad hasta que encuentre el tema que es adecuado para su celebración de las fiestas.'),(22, 'Entretenimiento temático Vacaciones', 6, 21, 100000, '101.jpg', '100.jpg', '102.jpg', 'En mi gira creamos diseñado a medida paquetes de vacaciones con temas de entretenimiento basados ??en sus intereses específicos que hacen cada viaje único. Mi tour le dará una idea de los tipos de paquetes que podrían ser posibles para unas vacaciones con temas de entretenimiento.'),(23, 'Mejores parques de Rajasthan', 5, 26, 3000, '107.jpg', '106.jpg', '108.jpg', 'Rajasthan el estado más grande de la India, famoso por su rica cultura y el patrimonio, también tienen rica flora y fauna, aunque la cubierta forestal es muy poco en comparación con otros estados de la India. Ranthambore Parque Nacional en Rajasthan es mundialmente conocido por los tigres, a continuación es la lista de vida silvestre importante parques nacionales en Rajasthan.'),(24, 'Mejores parques de Kerala', 5, 25, 4000, '109.jpg', '110.jpg', '111.jpg', 'Kerala los dioses propio país es famoso por sus remansos, playas y la belleza del paisaje y la vida silvestre, la vida silvestre en Kerala son de hecho, algunos de los más bellos y variados encontrar en cualquier parte del mundo. Los Ghats occidentales, las barreras naturales de montaña de Kerala, en la frontera de Tamil Nadu y Karnataka son el hogar de la mayor parte de la fauna de Kerala, a continuación es la lista de algunos de los parques nacionales de vida silvestre importante en Kerala.'),(25, 'Mejores parques de la India', 5, 24, 2000, '113.jpg', '112.jpg', '114.jpg', 'Hay más de 80 parques nacionales en la India, se extendió por todo el país. Algunos son más grandes y más accesibles que otros luego. Muchas personas quieren ver el famoso tigre. La oportunidad de ver un tigre depende en gran medida del tamaño del parque nacional y el número de tigres, y es mayor en algunos parques que otros.'),(27, 'Viajes en Israel', 3, 15, 100000, '130.png', '129.jpg', '131.jpg', 'Israel es un país pequeño, se puso cultural, gastronómica, arquitectónica, histórica y experiencias espirituales de proporciones bíblicas.');
UNLOCK TABLES;
COMMIT;
BEGIN;
LOCK TABLES `tourandtravel`.`subcategory` WRITE;
DELETE FROM `tourandtravel`.`subcategory`;
INSERT INTO `tourandtravel`.`subcategory` (`Subcatid`,`Subcatname`,`Catid`,`Pic`,`Detail`) VALUES (1, 'Vacaciones familiares en Laponia', 1, '1.jpg', 'Un equilibrio brillante de alojamiento acogedor cabaña de montaña y aventura, esta fiesta le da un sabor de las mejores actividades silvestres y un montón de tiempo libre para explorar también.'),(2, 'vacaciones en familia a la India', 1, '4.jpg', 'Este vacaciones relajantes gestiona toda la organización de la pierna-trabajo por usted, para que pueda centrarse en la combinación de diversión familiar con la exploración de las vistas fenomenales y los sonidos de la India.'),(3, 'vacaciones en familia Canadá', 1, '6.jpg', 'Nuestra única gran vacaciones de aventura canadiense para las familias, con 10 días de maravillas desierto, acampar y la ganadería. De Banff a los osos, Whistler a rafting.'),(4, 'Vacaciones familiares en Tailandia', 1, '131.jpg', 'Se trata de una toma de aventura de la familia real en cada rostro de Tailandia - la vida local, parques nacionales, playas y selva tropical - todas unidas por una gran organización y excelentes guías.'),(5, 'Vacaciones familiares en Italia', 1, '8.jpg', 'volcanes más famosos, de brillantes ciudades costeras y uno de los más emocionantes de humanidades lecciones jamás imaginables. Son su familia listo para la gira de Italia?'),(6, 'Tours religiosos en la India', 2, '9.jpg', 'La India es una tierra donde varios dioses y diosas son adorados en los últimos años. Los métodos de culto están llenos de dedicación y espíritu. La gente solía visitar la India para ver el Char Dham, budista Peregrinación y los famosos templos de la India del norte y sur de la India.'),(7, 'Tours religiosos en Italia', 2, '10.jpg', 'Los Tours religiosos representan un importante fenómeno que consiste en la industria del turismo. Hoy en día todo el mundo hay 40 millones de personas que pasan de 4 mil millones de dólares que el amor para visitar los lugares de culto. Son impulsados ??por el deseo de descubrir las raíces del cristianismo y ser movido por esos lugares sagrados. Este gran negocio está floreciendo particularmente en Italia, donde hay una gran cantidad de destino significativo, hermoso y encantador y la cultura cristiana profundamente radicado. El itinerario que proponemos aquí ata muchos destinos religiosos italianos importantes.'),(8, 'Tours religiosas en Europa', 2, '11.jpg', 'Cada región de Europa ofrece una mirada diferente y fascinante en las religiones que han influido en el mundo. Ya sea que los viajeros les gustaría visitar la Ciudad del Vaticano, catedrales luteranas en Alemania o en la Abadía de Westminster en Inglaterra, Europa ofrece una amplia gama de opciones para los viajes de base religiosa.'),(9, 'Turismo religioso en Canadá', 2, '14.jpg', 'Canadá es más como un país multicultural. Cristianismo con los católicos romanos y protestantes son predominantes en Canadá como la religión principal. Turismo religioso en Canadá te llevan a lugares de interés turístico de importancia, que incluyen ™ € s Annea St. Iglesia Anglicana, Iglesia Frikirju y San Norberto. Aparte de cristianismo, otras religiones como el hinduismo, el budismo, el islam y el sijismo también han ganado terreno en el país.'),(10, 'Tours religiosos en Inglaterra', 2, '15.jpg', 'Seguimos la historia de inconformismo en Inglaterra y tomamos en esos sitios particulares que son queridos a los bautistas de todo el mundo. Sitios relacionados con los fundadores de la fe Bautista, que se esforzó en aquellos primeros días contra todo pronóstico. Al mismo tiempo, vemos algunos de la mayoría de lugares del campo y de la ciudad espléndida bellas de Inglaterra.'),(11, 'Aventura Tours en Israel', 2, '16.jpg', 'Israel es un país pequeño, se puso cultural, gastronómica, arquitectónica, histórica y experiencias espirituales de proporciones bíblicas.'),(12, 'Viajes de grupos pequeños en la India', 7, '17.jpg', 'La afiliación religiosa es una variable de gran interés para las organizaciones religiosas, científicos sociales, y se puede utilizar como variable explicativa en los estudios sobre temas tales como la formación y disolución del matrimonio, la fertilidad y los ingresos.'),(13, 'Viajes de grupos pequeños en Inglaterra', 7, '18.jpg', 'El corazón de Inglaterra es una región icónico, que abarca Oxford, los Cotswolds, Stratford-upon-Avon y baño, un sitio del patrimonio mundial de la UNESCO. En este viaje de cinco días, vamos a visitar Oxford y Lacock, explorar pintorescos pueblos de Cotswold famosa por sus encantadoras de color miel cabañas de piedra con techos de paja y explorar casas señoriales tradicionales.'),(14, 'Viajes de grupos pequeños en Canadá', 7, '19.jpg', 'Es tan grande que es difícil de conseguir su cabeza en torno a veces es así, al participar en un día de fiesta Canadá pequeño grupo y afines turistas, se quita la presión de la parte delantera organización. Son perfectos si quieres un atajo para eventos culturales y naturales de Canadá, como senderismo en las Montañas Rocosas, ir en una expedición de oso polar, o trineos tirados por perros en el Yukón.'),(15, 'Aventura Tours en Israel', 3, '20.jpg', ''),(16, 'Aventura Tours en Mumbai', 3, '71.jpg', ''),(17, 'Aventura Tours en Tailandia', 3, '74.jpg', 'Israel no está en algún lugar que parada en o pase por la Tierra Santa requiere atención, el compromiso, la dedicación y la mente abierta y el corazón, sin importar si usted es judío, cristiano, hindú, agnóstico, animista, Jedi o Rasta.'),(18, 'Tours especiales de eventos en Francia', 4, '78.jpg', 'Aventura Tours Educación (Bombay) Pvt. Ltd. es hoy reconocido como ™ s € Indiaâ de más rápido crecimiento Viajes y Tour Company. El logotipo de Aventura Tours significa su gente se preocupan por lo que hacen por ti, y es € ™ ll encontrar la calidad y el nivel de servicio que usted espera. Tanto si está de vacaciones, una excursión, picnic o una conferencia, nuestros servicios están diseñados por profesionales, de alta calidad y rentable, que le permiten cumplir su sueño de toda la vida. Cuando se trata de encontrar lo que es € ™ re buscando, Aventura Tours Educación (Bombay) Pvt. Ltd. es siempre la mejor opción.'),(19, 'Tours especiales de eventos en Alemania', 4, '79.jpg', ''),(20, 'Tours especiales de eventos en Singapur', 4, '80.jpg', 'Es difícil expresar en palabras lo agradecidos Kamy y yo para el viaje de su vida que ha planificado para nosotros. A pesar de que estábamos emocionados de viajes a Asia por primera vez, todavía no podríamos haber imaginado lo memorable y especial sería nuestra visita a Tailandia. Soy consciente de que trabajar conmigo fue un reto. A diferencia de algunos de sus otros clientes, por lo general Plan Todo mi propio viaje, a mí mismo, porque me gusta ir a lugares que no se suelen ofrecen en tours organizados. He seleccionado WildThailand debido a su opción de viaje a medida y su enfoque en destinos remotos. Cuando te escribí, me quedé impresionado por su pronta respuesta y su voluntad de incorporar todas nuestras preocupaciones e intereses especiales en el itinerario de la muestra que me ha enviado. Pero aún más impresionante fue su constante, la correspondencia atento conmigo durante un período de al menos 3 meses, lo que le pedía le sinnúmero de preguntas y presentó nuevas solicitudes. Nunca se puso impaciente conmigo o dejaste de escribir, por lo que me sentí seguro de que nuestro viaje iba a ser grande, a pesar de que no había oído anteriormente de WildThailand.'),(21, 'Temática de Vacaciones para solteros', 6, '90.jpg', 'Como un país famoso por su visión de futuro, ya sea en la comida, la moda, el arte o la arquitectura, Francia, sin duda tiene mucho que celebrar. De hecho, los franceses aman un festival: celebración tiene sus raíces profundas en su cultura, y siempre hay la promesa de un evento emocionante. Tiempo de viaje a Francia así, y usted podría mezclarse con los ricos y famosos en el aclamado Festival de Cannes, o simplemente hacer como la gente local y celebrar el levantamiento de la Francia moderna en el Día de la Bastilla. Por supuesto, siempre puede preguntar en torno a festivales y eventos locales mientras estás allí: desde los mercados de alimentos a ferias de artesanía, encontrará muchas cosas que hacer durante todo el año.'),(22, 'Vacaciones de Navidad con temas', 6, '91.jpg', 'Disfrutar de recorridos de eventos especiales en Alemania.'),(23, 'Star Wars temáticas de vacaciones', 6, '92.png', 'Eventos Rutas especiales en Singapur son Deepavali, Año Nuevo, Festival Gastronómico de Singapur, etc ...'),(24, 'Parques nacionales en la India', 5, '103.jpeg', 'paquete de vacaciones en base a dos viajeros incluye pasaje aéreo de ida y vuelta, alojamiento, desayuno diario, excursiones y mucho más. Edimburgo y whisky hacen una combinación perfecta! Este viaje especial le dará información sobre el proceso de producción de whisky de siglos de antigüedad, mientras que la exposición a la vibrante ciudad de Edimburgo, con el pintoresco telón de fondo de la sierra central de Escocia. Venga a disfrutar de la magia de Edimburgo y copa en lo que los lugareños llaman “agua de la vida”.'),(25, 'Parques nacionales en Kerala', 5, '104.jpg', 'El largo descanso escolar en Navidad es un tiempo máximo para una familia de vacaciones de invierno. Estas escapadas festivas están seguros de satisfacer los niños y padres por igual.'),(26, 'Parques nacionales en Rajasthan', 5, '105.jpg', 'Mi hijo va a ser el 6 de noviembre y que suelen tener ellos por algún sitio de vacaciones como un regalo de cumpleaños grande ... estamos pensando en ir a Disney World, y veo que vamos a perder los fines de semana de Star Wars que están sucediendo en Junio. ¿Va a ser cualquier atracciones de Star Wars allí en noviembre de? También qué más Star Wars temática se podría hacer? Ahorramos para esto desde el nacimiento y queremos que sea lo más divertida la parte superior, así que por favor no hay comentarios sarcásticos ... A todos nos gusta Star Wars.');
UNLOCK TABLES;
COMMIT;
BEGIN;
LOCK TABLES `tourandtravel`.`users` WRITE;
DELETE FROM `tourandtravel`.`users`;
INSERT INTO `tourandtravel`.`users` (`Username`,`Pwd`,`Typeofuser`) VALUES ('admin', 'admin', 'Admin'),('neeru', 'neeru', 'General'),('manu', '12345', 'Admin'),('preet', 'preet', 'General');
UNLOCK TABLES;
COMMIT;
